{"cameraMode":{"drawMode":0,"name":"Shaded","section":"Shading Mode"},"sceneLighting":true,"audioPlay":false,"sceneViewState":{"m_AlwaysRefresh":false,"showFog":true,"showSkybox":true,"showFlares":true,"showImageEffects":true,"showParticleSystems":true,"showVisualEffectGraphs":true,"m_FxEnabled":true},"in2DMode":false,"pivot":{"x":0.07931232452392578,"y":0.19099998474121095,"z":0.4022555351257324},"rotation":{"x":0.08667365461587906,"y":0.7257499694824219,"z":-0.09303785115480423,"w":0.6761061549186707},"size":0.8660253882408142,"orthographic":false}